[
	{ "id": 1, "departCountry": "Czech Republic", "arriveCountry": "Ukraine", "date": "06/24/2022", "agencyName": "Vimbo", "departTime": "1:35 AM", "arriveTime": "10:32 AM", "duration": 28, "price": "$86.81", "seatNo": null },
	{ "id": 2, "departCountry": "Poland", "arriveCountry": "Russia", "date": "07/30/2022", "agencyName": "Browsebug", "departTime": "2:59 AM", "arriveTime": "6:29 PM", "duration": 27, "price": "$254.71", "seatNo": null },
	{ "id": 3, "departCountry": "China", "arriveCountry": "China", "date": "06/20/2022", "agencyName": "Oyope", "departTime": "11:09 PM", "arriveTime": "1:46 PM", "duration": 12, "price": "$225.55", "seatNo": null },
	{ "id": 4, "departCountry": "China", "arriveCountry": "Greece", "date": "06/22/2022", "agencyName": "Eidel", "departTime": "1:32 AM", "arriveTime": "1:34 AM", "duration": 22, "price": "$281.23", "seatNo": null },
	{ "id": 5, "departCountry": "Philippines", "arriveCountry": "Dominican Republic", "date": "07/16/2022", "agencyName": "Feedfish", "departTime": "7:41 PM", "arriveTime": "9:05 AM", "duration": 9, "price": "$139.84", "seatNo": null },
	{ "id": 6, "departCountry": "United States", "arriveCountry": "Ukraine", "date": "06/19/2022", "agencyName": "Centizu", "departTime": "11:17 AM", "arriveTime": "12:21 AM", "duration": 43, "price": "$287.92", "seatNo": null },
	{ "id": 7, "departCountry": "China", "arriveCountry": "Malaysia", "date": "06/26/2022", "agencyName": "Brainverse", "departTime": "10:24 PM", "arriveTime": "3:24 PM", "duration": 42, "price": "$277.52", "seatNo": null },
	{ "id": 8, "departCountry": "Poland", "arriveCountry": "Indonesia", "date": "07/22/2022", "agencyName": "Ntag", "departTime": "2:30 AM", "arriveTime": "8:01 AM", "duration": 10, "price": "$144.17", "seatNo": null },
	{ "id": 9, "departCountry": "Slovenia", "arriveCountry": "Egypt", "date": "06/16/2022", "agencyName": "Vinder", "departTime": "9:57 PM", "arriveTime": "12:49 PM", "duration": 26, "price": "$104.91", "seatNo": null },
	{ "id": 10, "departCountry": "Japan", "arriveCountry": "China", "date": "07/29/2022", "agencyName": "Wikizz", "departTime": "8:22 PM", "arriveTime": "10:56 AM", "duration": 37, "price": "$258.54", "seatNo": null },
	{ "id": 11, "departCountry": "Indonesia", "arriveCountry": "United States", "date": "06/29/2022", "agencyName": "Blogspan", "departTime": "4:26 AM", "arriveTime": "10:43 PM", "duration": 35, "price": "$296.34", "seatNo": null },
	{ "id": 12, "departCountry": "Azerbaijan", "arriveCountry": "Czech Republic", "date": "07/12/2022", "agencyName": "Katz", "departTime": "7:33 PM", "arriveTime": "9:11 AM", "duration": 2, "price": "$247.52", "seatNo": null },
	{ "id": 13, "departCountry": "Ukraine", "arriveCountry": "Vietnam", "date": "07/14/2022", "agencyName": "Tekfly", "departTime": "12:24 PM", "arriveTime": "8:13 AM", "duration": 20, "price": "$249.92", "seatNo": null },
	{ "id": 14, "departCountry": "China", "arriveCountry": "Brazil", "date": "07/30/2022", "agencyName": "Gevee", "departTime": "5:26 PM", "arriveTime": "7:20 AM", "duration": 34, "price": "$170.06", "seatNo": null },
	{ "id": 15, "departCountry": "China", "arriveCountry": "Sweden", "date": "07/06/2022", "agencyName": "Centidel", "departTime": "10:12 PM", "arriveTime": "10:41 AM", "duration": 8, "price": "$254.02", "seatNo": null },
	{ "id": 16, "departCountry": "Greece", "arriveCountry": "Portugal", "date": "07/04/2022", "agencyName": "Kamba", "departTime": "3:22 AM", "arriveTime": "6:33 AM", "duration": 26, "price": "$251.44", "seatNo": null },
	{ "id": 17, "departCountry": "Bosnia and Herzegovina", "arriveCountry": "Sweden", "date": "07/25/2022", "agencyName": "Twinte", "departTime": "11:11 PM", "arriveTime": "9:04 AM", "duration": 19, "price": "$232.46", "seatNo": null },
	{ "id": 18, "departCountry": "Indonesia", "arriveCountry": "Dominican Republic", "date": "07/15/2022", "agencyName": "Kamba", "departTime": "8:40 PM", "arriveTime": "9:11 PM", "duration": 22, "price": "$247.86", "seatNo": null },
	{ "id": 19, "departCountry": "Russia", "arriveCountry": "Ukraine", "date": "07/14/2022", "agencyName": "Tagcat", "departTime": "5:12 PM", "arriveTime": "2:02 PM", "duration": 41, "price": "$252.34", "seatNo": null },
	{ "id": 20, "departCountry": "Philippines", "arriveCountry": "Japan", "date": "06/17/2022", "agencyName": "Centizu", "departTime": "9:47 PM", "arriveTime": "9:59 PM", "duration": 19, "price": "$182.19", "seatNo": null },
	{ "id": 21, "departCountry": "China", "arriveCountry": "Poland", "date": "07/15/2022", "agencyName": "Blogtag", "departTime": "1:33 PM", "arriveTime": "6:53 PM", "duration": 42, "price": "$290.67", "seatNo": null },
	{ "id": 22, "departCountry": "Russia", "arriveCountry": "Thailand", "date": "07/06/2022", "agencyName": "Ozu", "departTime": "6:01 AM", "arriveTime": "10:52 PM", "duration": 26, "price": "$186.31", "seatNo": null },
	{ "id": 23, "departCountry": "Japan", "arriveCountry": "Malaysia", "date": "07/14/2022", "agencyName": "Dabtype", "departTime": "4:05 PM", "arriveTime": "6:02 AM", "duration": 36, "price": "$254.47", "seatNo": null },
	{ "id": 24, "departCountry": "Afghanistan", "arriveCountry": "Bangladesh", "date": "06/27/2022", "agencyName": "Zoomcast", "departTime": "4:34 PM", "arriveTime": "6:16 AM", "duration": 33, "price": "$208.43", "seatNo": null },
	{ "id": 25, "departCountry": "China", "arriveCountry": "Ukraine", "date": "07/15/2022", "agencyName": "Browsecat", "departTime": "6:50 PM", "arriveTime": "7:40 AM", "duration": 41, "price": "$197.55", "seatNo": null },
	{ "id": 26, "departCountry": "China", "arriveCountry": "China", "date": "07/04/2022", "agencyName": "Avavee", "departTime": "4:12 PM", "arriveTime": "11:54 AM", "duration": 37, "price": "$255.66", "seatNo": null },
	{ "id": 27, "departCountry": "Russia", "arriveCountry": "France", "date": "06/17/2022", "agencyName": "Feedbug", "departTime": "1:34 PM", "arriveTime": "10:17 PM", "duration": 36, "price": "$245.94", "seatNo": null },
	{ "id": 28, "departCountry": "France", "arriveCountry": "Colombia", "date": "07/23/2022", "agencyName": "Bubblemix", "departTime": "9:35 AM", "arriveTime": "4:31 PM", "duration": 11, "price": "$135.04", "seatNo": null },
	{ "id": 29, "departCountry": "Brazil", "arriveCountry": "Vietnam", "date": "07/28/2022", "agencyName": "Zoombox", "departTime": "7:47 AM", "arriveTime": "8:04 AM", "duration": 35, "price": "$95.33", "seatNo": null },
	{ "id": 30, "departCountry": "Philippines", "arriveCountry": "Czech Republic", "date": "06/23/2022", "agencyName": "Layo", "departTime": "8:52 PM", "arriveTime": "1:42 PM", "duration": 39, "price": "$165.93", "seatNo": null },
	{ "id": 31, "departCountry": "Philippines", "arriveCountry": "China", "date": "07/21/2022", "agencyName": "Skaboo", "departTime": "2:12 AM", "arriveTime": "3:19 AM", "duration": 1, "price": "$137.84", "seatNo": null },
	{ "id": 32, "departCountry": "China", "arriveCountry": "China", "date": "07/28/2022", "agencyName": "Zooveo", "departTime": "6:29 AM", "arriveTime": "3:36 AM", "duration": 33, "price": "$108.77", "seatNo": null },
	{ "id": 33, "departCountry": "Nigeria", "arriveCountry": "Portugal", "date": "06/26/2022", "agencyName": "Photobean", "departTime": "3:02 PM", "arriveTime": "8:38 AM", "duration": 29, "price": "$95.64", "seatNo": null },
	{ "id": 34, "departCountry": "France", "arriveCountry": "China", "date": "07/17/2022", "agencyName": "Centidel", "departTime": "1:35 AM", "arriveTime": "8:01 AM", "duration": 4, "price": "$181.33", "seatNo": null },
	{ "id": 35, "departCountry": "France", "arriveCountry": "Sweden", "date": "07/21/2022", "agencyName": "Browsetype", "departTime": "2:40 PM", "arriveTime": "8:29 PM", "duration": 16, "price": "$176.87", "seatNo": null },
	{ "id": 36, "departCountry": "Russia", "arriveCountry": "Russia", "date": "07/25/2022", "agencyName": "Mudo", "departTime": "2:44 PM", "arriveTime": "12:35 AM", "duration": 27, "price": "$181.40", "seatNo": null },
	{ "id": 37, "departCountry": "Philippines", "arriveCountry": "Poland", "date": "07/28/2022", "agencyName": "Realblab", "departTime": "4:46 PM", "arriveTime": "9:28 PM", "duration": 11, "price": "$77.39", "seatNo": null },
	{ "id": 38, "departCountry": "Finland", "arriveCountry": "Norway", "date": "06/18/2022", "agencyName": "Skipfire", "departTime": "9:01 PM", "arriveTime": "6:02 AM", "duration": 21, "price": "$226.00", "seatNo": null },
	{ "id": 39, "departCountry": "France", "arriveCountry": "Brazil", "date": "06/15/2022", "agencyName": "Dynazzy", "departTime": "3:45 PM", "arriveTime": "8:56 AM", "duration": 22, "price": "$199.01", "seatNo": null },
	{ "id": 40, "departCountry": "Haiti", "arriveCountry": "Greece", "date": "06/30/2022", "agencyName": "Topicware", "departTime": "1:01 AM", "arriveTime": "10:13 AM", "duration": 19, "price": "$115.10", "seatNo": null },
	{ "id": 41, "departCountry": "Malta", "arriveCountry": "Malta", "date": "07/02/2022", "agencyName": "Riffpedia", "departTime": "6:16 AM", "arriveTime": "12:30 AM", "duration": 38, "price": "$123.02", "seatNo": null },
	{ "id": 42, "departCountry": "Japan", "arriveCountry": "Russia", "date": "07/24/2022", "agencyName": "Gigaclub", "departTime": "4:19 AM", "arriveTime": "4:33 PM", "duration": 36, "price": "$223.88", "seatNo": null },
	{ "id": 43, "departCountry": "Ethiopia", "arriveCountry": "Japan", "date": "06/25/2022", "agencyName": "Oyondu", "departTime": "2:33 AM", "arriveTime": "4:50 AM", "duration": 36, "price": "$97.25", "seatNo": null },
	{ "id": 44, "departCountry": "Russia", "arriveCountry": "Indonesia", "date": "06/29/2022", "agencyName": "Roodel", "departTime": "7:08 PM", "arriveTime": "7:39 AM", "duration": 36, "price": "$98.34", "seatNo": null },
	{ "id": 45, "departCountry": "Indonesia", "arriveCountry": "Palestinian Territory", "date": "06/22/2022", "agencyName": "Youfeed", "departTime": "9:46 PM", "arriveTime": "1:02 PM", "duration": 39, "price": "$117.41", "seatNo": null },
	{ "id": 46, "departCountry": "Russia", "arriveCountry": "Luxembourg", "date": "06/21/2022", "agencyName": "Edgetag", "departTime": "4:07 AM", "arriveTime": "4:15 AM", "duration": 1, "price": "$142.92", "seatNo": null },
	{ "id": 47, "departCountry": "Colombia", "arriveCountry": "China", "date": "07/29/2022", "agencyName": "Zoomlounge", "departTime": "3:28 AM", "arriveTime": "10:00 AM", "duration": 2, "price": "$73.21", "seatNo": null },
	{ "id": 48, "departCountry": "Ireland", "arriveCountry": "Colombia", "date": "07/13/2022", "agencyName": "Realbridge", "departTime": "8:28 PM", "arriveTime": "9:13 AM", "duration": 33, "price": "$76.56", "seatNo": null },
	{ "id": 49, "departCountry": "Azerbaijan", "arriveCountry": "Indonesia", "date": "07/22/2022", "agencyName": "Babbleset", "departTime": "2:42 AM", "arriveTime": "8:57 AM", "duration": 15, "price": "$276.68", "seatNo": null },
	{ "id": 50, "departCountry": "Bosnia and Herzegovina", "arriveCountry": "China", "date": "07/29/2022", "agencyName": "Realcube", "departTime": "5:10 PM", "arriveTime": "9:09 AM", "duration": 42, "price": "$212.26", "seatNo": null },
	{ "id": 51, "departCountry": "Philippines", "arriveCountry": "China", "date": "07/13/2022", "agencyName": "Jetwire", "departTime": "2:39 AM", "arriveTime": "2:18 PM", "duration": 22, "price": "$178.29", "seatNo": null },
	{ "id": 52, "departCountry": "Poland", "arriveCountry": "China", "date": "07/07/2022", "agencyName": "Youtags", "departTime": "2:43 AM", "arriveTime": "1:30 AM", "duration": 24, "price": "$246.17", "seatNo": null },
	{ "id": 53, "departCountry": "Malaysia", "arriveCountry": "China", "date": "06/21/2022", "agencyName": "Eire", "departTime": "4:46 PM", "arriveTime": "6:31 AM", "duration": 40, "price": "$240.93", "seatNo": null },
	{ "id": 54, "departCountry": "Poland", "arriveCountry": "Indonesia", "date": "06/29/2022", "agencyName": "Bubbletube", "departTime": "5:02 PM", "arriveTime": "6:26 AM", "duration": 6, "price": "$207.92", "seatNo": null },
	{ "id": 55, "departCountry": "Poland", "arriveCountry": "Ethiopia", "date": "06/20/2022", "agencyName": "Dazzlesphere", "departTime": "4:42 AM", "arriveTime": "7:04 PM", "duration": 19, "price": "$249.98", "seatNo": null },
	{ "id": 56, "departCountry": "Indonesia", "arriveCountry": "Cuba", "date": "07/28/2022", "agencyName": "Browsezoom", "departTime": "8:18 PM", "arriveTime": "11:45 PM", "duration": 40, "price": "$79.47", "seatNo": null },
	{ "id": 57, "departCountry": "Indonesia", "arriveCountry": "China", "date": "07/07/2022", "agencyName": "Jabbertype", "departTime": "9:46 AM", "arriveTime": "9:10 PM", "duration": 30, "price": "$263.43", "seatNo": null },
	{ "id": 58, "departCountry": "Indonesia", "arriveCountry": "United States", "date": "07/17/2022", "agencyName": "Abatz", "departTime": "2:06 PM", "arriveTime": "4:09 AM", "duration": 43, "price": "$272.49", "seatNo": null },
	{ "id": 59, "departCountry": "China", "arriveCountry": "China", "date": "06/18/2022", "agencyName": "Jaxbean", "departTime": "8:46 PM", "arriveTime": "7:47 AM", "duration": 27, "price": "$165.22", "seatNo": null },
	{ "id": 60, "departCountry": "Pakistan", "arriveCountry": "Poland", "date": "06/15/2022", "agencyName": "Buzzbean", "departTime": "2:12 PM", "arriveTime": "11:22 AM", "duration": 24, "price": "$101.41", "seatNo": null },
	{ "id": 61, "departCountry": "Cuba", "arriveCountry": "Sweden", "date": "06/25/2022", "agencyName": "Browsezoom", "departTime": "10:47 PM", "arriveTime": "10:12 AM", "duration": 24, "price": "$185.57", "seatNo": null },
	{ "id": 62, "departCountry": "Poland", "arriveCountry": "Sweden", "date": "07/19/2022", "agencyName": "Rhyzio", "departTime": "10:39 PM", "arriveTime": "6:56 PM", "duration": 11, "price": "$117.74", "seatNo": null },
	{ "id": 63, "departCountry": "Serbia", "arriveCountry": "Indonesia", "date": "07/29/2022", "agencyName": "Viva", "departTime": "4:24 AM", "arriveTime": "4:16 PM", "duration": 21, "price": "$97.42", "seatNo": null },
	{ "id": 64, "departCountry": "Croatia", "arriveCountry": "Canada", "date": "06/24/2022", "agencyName": "Kimia", "departTime": "3:37 AM", "arriveTime": "12:14 PM", "duration": 33, "price": "$196.62", "seatNo": null },
	{ "id": 65, "departCountry": "Portugal", "arriveCountry": "Brazil", "date": "06/13/2022", "agencyName": "Tagtune", "departTime": "3:24 AM", "arriveTime": "7:49 AM", "duration": 37, "price": "$284.96", "seatNo": null },
	{ "id": 66, "departCountry": "Brazil", "arriveCountry": "France", "date": "07/26/2022", "agencyName": "Jaxworks", "departTime": "10:20 PM", "arriveTime": "10:35 AM", "duration": 10, "price": "$240.18", "seatNo": null },
	{ "id": 67, "departCountry": "Nepal", "arriveCountry": "China", "date": "07/10/2022", "agencyName": "Skinder", "departTime": "12:40 PM", "arriveTime": "12:19 PM", "duration": 12, "price": "$219.70", "seatNo": null },
	{ "id": 68, "departCountry": "Brazil", "arriveCountry": "Russia", "date": "07/17/2022", "agencyName": "Fadeo", "departTime": "7:26 AM", "arriveTime": "1:32 PM", "duration": 14, "price": "$128.82", "seatNo": null },
	{ "id": 69, "departCountry": "France", "arriveCountry": "Indonesia", "date": "06/25/2022", "agencyName": "Flashset", "departTime": "10:30 AM", "arriveTime": "8:40 AM", "duration": 23, "price": "$224.86", "seatNo": null },
	{ "id": 70, "departCountry": "China", "arriveCountry": "Macedonia", "date": "06/22/2022", "agencyName": "Fatz", "departTime": "2:03 AM", "arriveTime": "12:56 PM", "duration": 44, "price": "$168.98", "seatNo": null },
	{ "id": 71, "departCountry": "Indonesia", "arriveCountry": "Sierra Leone", "date": "07/16/2022", "agencyName": "Lazz", "departTime": "5:17 PM", "arriveTime": "2:04 PM", "duration": 9, "price": "$214.66", "seatNo": null },
	{ "id": 72, "departCountry": "Indonesia", "arriveCountry": "United States", "date": "07/29/2022", "agencyName": "Devcast", "departTime": "2:23 AM", "arriveTime": "6:08 PM", "duration": 22, "price": "$295.04", "seatNo": null },
	{ "id": 73, "departCountry": "Indonesia", "arriveCountry": "Norway", "date": "07/27/2022", "agencyName": "Cogidoo", "departTime": "1:58 PM", "arriveTime": "1:04 PM", "duration": 3, "price": "$181.54", "seatNo": null },
	{ "id": 74, "departCountry": "Azerbaijan", "arriveCountry": "Canada", "date": "07/25/2022", "agencyName": "Cogibox", "departTime": "5:23 PM", "arriveTime": "4:47 PM", "duration": 4, "price": "$179.95", "seatNo": null },
	{ "id": 75, "departCountry": "Malaysia", "arriveCountry": "Indonesia", "date": "07/15/2022", "agencyName": "Photolist", "departTime": "6:30 PM", "arriveTime": "7:25 AM", "duration": 25, "price": "$177.33", "seatNo": null },
	{ "id": 76, "departCountry": "New Caledonia", "arriveCountry": "Finland", "date": "06/26/2022", "agencyName": "Camimbo", "departTime": "6:00 AM", "arriveTime": "9:47 AM", "duration": 16, "price": "$221.92", "seatNo": null },
	{ "id": 77, "departCountry": "Canada", "arriveCountry": "Philippines", "date": "06/15/2022", "agencyName": "Jetwire", "departTime": "10:49 AM", "arriveTime": "8:36 AM", "duration": 19, "price": "$91.67", "seatNo": null },
	{ "id": 78, "departCountry": "Morocco", "arriveCountry": "Serbia", "date": "06/26/2022", "agencyName": "Linklinks", "departTime": "12:57 PM", "arriveTime": "4:09 AM", "duration": 19, "price": "$129.21", "seatNo": null },
	{ "id": 79, "departCountry": "Brazil", "arriveCountry": "Jamaica", "date": "07/09/2022", "agencyName": "Realbridge", "departTime": "1:09 AM", "arriveTime": "8:06 PM", "duration": 15, "price": "$271.51", "seatNo": null },
	{ "id": 80, "departCountry": "Malawi", "arriveCountry": "United States", "date": "07/29/2022", "agencyName": "Jabbersphere", "departTime": "2:41 PM", "arriveTime": "3:57 PM", "duration": 35, "price": "$238.44", "seatNo": null },
	{ "id": 81, "departCountry": "Mexico", "arriveCountry": "Colombia", "date": "07/28/2022", "agencyName": "Jabbersphere", "departTime": "8:45 AM", "arriveTime": "9:06 AM", "duration": 44, "price": "$175.72", "seatNo": null },
	{ "id": 82, "departCountry": "Sweden", "arriveCountry": "Cuba", "date": "07/10/2022", "agencyName": "Blogtag", "departTime": "5:25 AM", "arriveTime": "12:06 PM", "duration": 33, "price": "$162.14", "seatNo": null },
	{ "id": 83, "departCountry": "Brazil", "arriveCountry": "China", "date": "07/22/2022", "agencyName": "Meemm", "departTime": "2:00 PM", "arriveTime": "4:50 AM", "duration": 32, "price": "$231.30", "seatNo": null },
	{ "id": 84, "departCountry": "Japan", "arriveCountry": "Bolivia", "date": "07/23/2022", "agencyName": "Skynoodle", "departTime": "4:44 PM", "arriveTime": "3:05 PM", "duration": 16, "price": "$82.30", "seatNo": null },
	{ "id": 85, "departCountry": "Malaysia", "arriveCountry": "Indonesia", "date": "06/18/2022", "agencyName": "Twinder", "departTime": "4:30 AM", "arriveTime": "6:20 AM", "duration": 39, "price": "$157.24", "seatNo": null },
	{ "id": 86, "departCountry": "Russia", "arriveCountry": "South Africa", "date": "06/22/2022", "agencyName": "Jamia", "departTime": "12:07 PM", "arriveTime": "12:20 AM", "duration": 20, "price": "$248.37", "seatNo": null },
	{ "id": 87, "departCountry": "Indonesia", "arriveCountry": "Indonesia", "date": "07/09/2022", "agencyName": "Twinte", "departTime": "6:07 PM", "arriveTime": "8:47 PM", "duration": 12, "price": "$97.97", "seatNo": null },
	{ "id": 88, "departCountry": "Indonesia", "arriveCountry": "China", "date": "06/22/2022", "agencyName": "Trilith", "departTime": "3:51 PM", "arriveTime": "11:17 PM", "duration": 1, "price": "$192.37", "seatNo": null },
	{ "id": 89, "departCountry": "China", "arriveCountry": "China", "date": "07/21/2022", "agencyName": "Teklist", "departTime": "7:15 PM", "arriveTime": "4:53 AM", "duration": 34, "price": "$195.05", "seatNo": null },
	{ "id": 90, "departCountry": "Sri Lanka", "arriveCountry": "Indonesia", "date": "06/14/2022", "agencyName": "Fadeo", "departTime": "9:43 AM", "arriveTime": "7:03 PM", "duration": 19, "price": "$132.82", "seatNo": null },
	{ "id": 91, "departCountry": "Uganda", "arriveCountry": "Finland", "date": "06/27/2022", "agencyName": "Zoomdog", "departTime": "5:05 PM", "arriveTime": "4:17 PM", "duration": 24, "price": "$122.20", "seatNo": null },
	{ "id": 92, "departCountry": "Canada", "arriveCountry": "Albania", "date": "07/07/2022", "agencyName": "Linktype", "departTime": "10:17 PM", "arriveTime": "8:39 AM", "duration": 31, "price": "$209.43", "seatNo": null },
	{ "id": 93, "departCountry": "Poland", "arriveCountry": "Russia", "date": "07/26/2022", "agencyName": "Twiyo", "departTime": "7:55 PM", "arriveTime": "7:11 AM", "duration": 24, "price": "$208.00", "seatNo": null },
	{ "id": 94, "departCountry": "Indonesia", "arriveCountry": "Philippines", "date": "06/25/2022", "agencyName": "Dablist", "departTime": "3:17 AM", "arriveTime": "8:06 AM", "duration": 3, "price": "$266.80", "seatNo": null },
	{ "id": 95, "departCountry": "Portugal", "arriveCountry": "Brazil", "date": "06/20/2022", "agencyName": "Gigashots", "departTime": "7:37 AM", "arriveTime": "12:07 AM", "duration": 14, "price": "$250.15", "seatNo": null },
	{ "id": 96, "departCountry": "China", "arriveCountry": "China", "date": "07/25/2022", "agencyName": "Tanoodle", "departTime": "11:21 AM", "arriveTime": "3:52 AM", "duration": 13, "price": "$288.13", "seatNo": null },
	{ "id": 97, "departCountry": "China", "arriveCountry": "Poland", "date": "07/17/2022", "agencyName": "Thoughtstorm", "departTime": "11:02 PM", "arriveTime": "3:01 AM", "duration": 17, "price": "$182.69", "seatNo": null },
	{ "id": 98, "departCountry": "Honduras", "arriveCountry": "Philippines", "date": "07/21/2022", "agencyName": "Fivebridge", "departTime": "3:41 AM", "arriveTime": "9:38 PM", "duration": 23, "price": "$204.62", "seatNo": null },
	{ "id": 99, "departCountry": "Laos", "arriveCountry": "Indonesia", "date": "07/26/2022", "agencyName": "Jayo", "departTime": "10:09 AM", "arriveTime": "5:13 AM", "duration": 28, "price": "$197.86", "seatNo": null },
	{ "id": 100, "departCountry": "Czech Republic", "arriveCountry": "China", "date": "07/02/2022", "agencyName": "Thoughtstorm", "departTime": "3:36 AM", "arriveTime": "12:34 PM", "duration": 39, "price": "$275.62", "seatNo": null }
]
